Degree,Major,degree_entities,major_entities,relationships
Bachelor of Business Administration,Applied Business Analytics,"[('Bachelor of Business Administration', 'Degree')]","[('Applied Business Analytics', 'Major')]","[{'from_type': 'Major', 'from_id': 'Applied Business Analytics', 'to_type': 'Degree', 'to_id': 'Bachelor of Business Administration', 'type': 'IS_UNDER'}]"
Bachelor of Business Administration,Business Economics,"[('Bachelor of Business Administration', 'Degree')]","[('Business Economics', 'Major')]","[{'from_type': 'Major', 'from_id': 'Business Economics', 'to_type': 'Degree', 'to_id': 'Bachelor of Business Administration', 'type': 'IS_UNDER'}]"
Bachelor of Business Administration,Finance,"[('Bachelor of Business Administration', 'Degree')]","[('Finance', 'Major')]","[{'from_type': 'Major', 'from_id': 'Finance', 'to_type': 'Degree', 'to_id': 'Bachelor of Business Administration', 'type': 'IS_UNDER'}]"
Bachelor of Business Administration,Innovation and Entrepreneurship,"[('Bachelor of Business Administration', 'Degree')]","[('Innovation and Entrepreneurship', 'Major')]","[{'from_type': 'Major', 'from_id': 'Innovation and Entrepreneurship', 'to_type': 'Degree', 'to_id': 'Bachelor of Business Administration', 'type': 'IS_UNDER'}]"
Bachelor of Business Administration,Leadership and Human Capital Management,"[('Bachelor of Business Administration', 'Degree')]","[('Leadership and Human Capital Management', 'Major')]","[{'from_type': 'Major', 'from_id': 'Leadership and Human Capital Management', 'to_type': 'Degree', 'to_id': 'Bachelor of Business Administration', 'type': 'IS_UNDER'}]"
Bachelor of Business Administration,Marketing,"[('Bachelor of Business Administration', 'Degree')]","[('Marketing', 'Major')]","[{'from_type': 'Major', 'from_id': 'Marketing', 'to_type': 'Degree', 'to_id': 'Bachelor of Business Administration', 'type': 'IS_UNDER'}]"
Bachelor of Business Administration,Operations and Supply Chain Management,"[('Bachelor of Business Administration', 'Degree')]","[('Operations and Supply Chain Management', 'Major')]","[{'from_type': 'Major', 'from_id': 'Operations and Supply Chain Management', 'to_type': 'Degree', 'to_id': 'Bachelor of Business Administration', 'type': 'IS_UNDER'}]"
Bachelor of Business Administration,Accountancy,"[('Bachelor of Business Administration', 'Degree')]","[('Accountancy', 'Major')]","[{'from_type': 'Major', 'from_id': 'Accountancy', 'to_type': 'Degree', 'to_id': 'Bachelor of Business Administration', 'type': 'IS_UNDER'}]"
Bachelor of Business Administration,Real Estate,"[('Bachelor of Business Administration', 'Degree')]","[('Real Estate', 'Major')]","[{'from_type': 'Major', 'from_id': 'Real Estate', 'to_type': 'Degree', 'to_id': 'Bachelor of Business Administration', 'type': 'IS_UNDER'}]"
Bachelor of Computing,Business Analytics,"[('Bachelor of Computing', 'Degree')]","[('Business Analytics', 'Major')]","[{'from_type': 'Major', 'from_id': 'Business Analytics', 'to_type': 'Degree', 'to_id': 'Bachelor of Computing', 'type': 'IS_UNDER'}]"
Bachelor of Computing,Computer Engineering,"[('Bachelor of Computing', 'Degree')]","[('Computer Engineering', 'Major')]","[{'from_type': 'Major', 'from_id': 'Computer Engineering', 'to_type': 'Degree', 'to_id': 'Bachelor of Computing', 'type': 'IS_UNDER'}]"
Bachelor of Computing,Computer Science,"[('Bachelor of Computing', 'Degree')]","[('Computer Science', 'Major')]","[{'from_type': 'Major', 'from_id': 'Computer Science', 'to_type': 'Degree', 'to_id': 'Bachelor of Computing', 'type': 'IS_UNDER'}]"
Bachelor of Computing,Information Security,"[('Bachelor of Computing', 'Degree')]","[('Information Security', 'Major')]","[{'from_type': 'Major', 'from_id': 'Information Security', 'to_type': 'Degree', 'to_id': 'Bachelor of Computing', 'type': 'IS_UNDER'}]"
Bachelor of Computing,Information Systems,"[('Bachelor of Computing', 'Degree')]","[('Information Systems', 'Major')]","[{'from_type': 'Major', 'from_id': 'Information Systems', 'to_type': 'Degree', 'to_id': 'Bachelor of Computing', 'type': 'IS_UNDER'}]"
Bachelor of Dental Surgery,Dentistry,"[('Bachelor of Dental Surgery', 'Degree')]","[('Dentistry', 'Major')]","[{'from_type': 'Major', 'from_id': 'Dentistry', 'to_type': 'Degree', 'to_id': 'Bachelor of Dental Surgery', 'type': 'IS_UNDER'}]"
Bachelor of Engineering,Biomedical Engineering,"[('Bachelor of Engineering', 'Degree')]","[('Biomedical Engineering', 'Major')]","[{'from_type': 'Major', 'from_id': 'Biomedical Engineering', 'to_type': 'Degree', 'to_id': 'Bachelor of Engineering', 'type': 'IS_UNDER'}]"
Bachelor of Engineering,Chemical Engineering,"[('Bachelor of Engineering', 'Degree')]","[('Chemical Engineering', 'Major')]","[{'from_type': 'Major', 'from_id': 'Chemical Engineering', 'to_type': 'Degree', 'to_id': 'Bachelor of Engineering', 'type': 'IS_UNDER'}]"
Bachelor of Engineering,Civil Engineering,"[('Bachelor of Engineering', 'Degree')]","[('Civil Engineering', 'Major')]","[{'from_type': 'Major', 'from_id': 'Civil Engineering', 'to_type': 'Degree', 'to_id': 'Bachelor of Engineering', 'type': 'IS_UNDER'}]"
Bachelor of Engineering,Electrical Engineering,"[('Bachelor of Engineering', 'Degree')]","[('Electrical Engineering', 'Major')]","[{'from_type': 'Major', 'from_id': 'Electrical Engineering', 'to_type': 'Degree', 'to_id': 'Bachelor of Engineering', 'type': 'IS_UNDER'}]"
Bachelor of Engineering,Engineering Science,"[('Bachelor of Engineering', 'Degree')]","[('Engineering Science', 'Major')]","[{'from_type': 'Major', 'from_id': 'Engineering Science', 'to_type': 'Degree', 'to_id': 'Bachelor of Engineering', 'type': 'IS_UNDER'}]"
Bachelor of Engineering,Environmental Engineering,"[('Bachelor of Engineering', 'Degree')]","[('Environmental Engineering', 'Major')]","[{'from_type': 'Major', 'from_id': 'Environmental Engineering', 'to_type': 'Degree', 'to_id': 'Bachelor of Engineering', 'type': 'IS_UNDER'}]"
Bachelor of Engineering,Industrial and Systems Engineering,"[('Bachelor of Engineering', 'Degree')]","[('Industrial and Systems Engineering', 'Major')]","[{'from_type': 'Major', 'from_id': 'Industrial and Systems Engineering', 'to_type': 'Degree', 'to_id': 'Bachelor of Engineering', 'type': 'IS_UNDER'}]"
Bachelor of Engineering,Infrastructure and Project Management,"[('Bachelor of Engineering', 'Degree')]","[('Infrastructure and Project Management', 'Major')]","[{'from_type': 'Major', 'from_id': 'Infrastructure and Project Management', 'to_type': 'Degree', 'to_id': 'Bachelor of Engineering', 'type': 'IS_UNDER'}]"
Bachelor of Engineering,Materials Science Engineering,"[('Bachelor of Engineering', 'Degree')]","[('Materials Science Engineering', 'Major')]","[{'from_type': 'Major', 'from_id': 'Materials Science Engineering', 'to_type': 'Degree', 'to_id': 'Bachelor of Engineering', 'type': 'IS_UNDER'}]"
Bachelor of Engineering,Mechanical Engineering,"[('Bachelor of Engineering', 'Degree')]","[('Mechanical Engineering', 'Major')]","[{'from_type': 'Major', 'from_id': 'Mechanical Engineering', 'to_type': 'Degree', 'to_id': 'Bachelor of Engineering', 'type': 'IS_UNDER'}]"
Bachelor of Landscare Architecture,Landscape Architecture,"[('Bachelor of Landscare Architecture', 'Degree')]","[('Landscape Architecture', 'Major')]","[{'from_type': 'Major', 'from_id': 'Landscape Architecture', 'to_type': 'Degree', 'to_id': 'Bachelor of Landscare Architecture', 'type': 'IS_UNDER'}]"
Bachelor of Arts,Architecture,"[('Bachelor of Arts', 'Degree')]","[('Architecture', 'Major')]","[{'from_type': 'Major', 'from_id': 'Architecture', 'to_type': 'Degree', 'to_id': 'Bachelor of Arts', 'type': 'IS_UNDER'}]"
Bachelor of Arts,Industrial Design,"[('Bachelor of Arts', 'Degree')]","[('Industrial Design', 'Major')]","[{'from_type': 'Major', 'from_id': 'Industrial Design', 'to_type': 'Degree', 'to_id': 'Bachelor of Arts', 'type': 'IS_UNDER'}]"
Bachelor of Arts,Chinese Language,"[('Bachelor of Arts', 'Degree')]","[('Chinese Language', 'Major')]","[{'from_type': 'Major', 'from_id': 'Chinese Language', 'to_type': 'Degree', 'to_id': 'Bachelor of Arts', 'type': 'IS_UNDER'}]"
Bachelor of Arts,Chinese Studies,"[('Bachelor of Arts', 'Degree')]","[('Chinese Studies', 'Major')]","[{'from_type': 'Major', 'from_id': 'Chinese Studies', 'to_type': 'Degree', 'to_id': 'Bachelor of Arts', 'type': 'IS_UNDER'}]"
Bachelor of Arts,English Language and Linguistics,"[('Bachelor of Arts', 'Degree')]","[('English Language and Linguistics', 'Major')]","[{'from_type': 'Major', 'from_id': 'English Language and Linguistics', 'to_type': 'Degree', 'to_id': 'Bachelor of Arts', 'type': 'IS_UNDER'}]"
Bachelor of Arts,English Literature,"[('Bachelor of Arts', 'Degree')]","[('English Literature', 'Major')]","[{'from_type': 'Major', 'from_id': 'English Literature', 'to_type': 'Degree', 'to_id': 'Bachelor of Arts', 'type': 'IS_UNDER'}]"
Bachelor of Arts,Global Studies,"[('Bachelor of Arts', 'Degree')]","[('Global Studies', 'Major')]","[{'from_type': 'Major', 'from_id': 'Global Studies', 'to_type': 'Degree', 'to_id': 'Bachelor of Arts', 'type': 'IS_UNDER'}]"
Bachelor of Arts,History,"[('Bachelor of Arts', 'Degree')]","[('History', 'Major')]","[{'from_type': 'Major', 'from_id': 'History', 'to_type': 'Degree', 'to_id': 'Bachelor of Arts', 'type': 'IS_UNDER'}]"
Bachelor of Arts,Japanese Studies,"[('Bachelor of Arts', 'Degree')]","[('Japanese Studies', 'Major')]","[{'from_type': 'Major', 'from_id': 'Japanese Studies', 'to_type': 'Degree', 'to_id': 'Bachelor of Arts', 'type': 'IS_UNDER'}]"
Bachelor of Arts,Malay Studies,"[('Bachelor of Arts', 'Degree')]","[('Malay Studies', 'Major')]","[{'from_type': 'Major', 'from_id': 'Malay Studies', 'to_type': 'Degree', 'to_id': 'Bachelor of Arts', 'type': 'IS_UNDER'}]"
Bachelor of Arts,Philosophy,"[('Bachelor of Arts', 'Degree')]","[('Philosophy', 'Major')]","[{'from_type': 'Major', 'from_id': 'Philosophy', 'to_type': 'Degree', 'to_id': 'Bachelor of Arts', 'type': 'IS_UNDER'}]"
Bachelor of Arts,South Asian Studies,"[('Bachelor of Arts', 'Degree')]","[('South Asian Studies', 'Major')]","[{'from_type': 'Major', 'from_id': 'South Asian Studies', 'to_type': 'Degree', 'to_id': 'Bachelor of Arts', 'type': 'IS_UNDER'}]"
Bachelor of Arts,Southeast Asian Studies,"[('Bachelor of Arts', 'Degree')]","[('Southeast Asian Studies', 'Major')]","[{'from_type': 'Major', 'from_id': 'Southeast Asian Studies', 'to_type': 'Degree', 'to_id': 'Bachelor of Arts', 'type': 'IS_UNDER'}]"
Bachelor of Arts,Theatre and Performance Studies,"[('Bachelor of Arts', 'Degree')]","[('Theatre and Performance Studies', 'Major')]","[{'from_type': 'Major', 'from_id': 'Theatre and Performance Studies', 'to_type': 'Degree', 'to_id': 'Bachelor of Arts', 'type': 'IS_UNDER'}]"
Bachelor of Arts,Anthropology,"[('Bachelor of Arts', 'Degree')]","[('Anthropology', 'Major')]","[{'from_type': 'Major', 'from_id': 'Anthropology', 'to_type': 'Degree', 'to_id': 'Bachelor of Arts', 'type': 'IS_UNDER'}]"
Bachelor of Arts,Communications and New Media,"[('Bachelor of Arts', 'Degree')]","[('Communications and New Media', 'Major')]","[{'from_type': 'Major', 'from_id': 'Communications and New Media', 'to_type': 'Degree', 'to_id': 'Bachelor of Arts', 'type': 'IS_UNDER'}]"
Bachelor of Arts,Economics,"[('Bachelor of Arts', 'Degree')]","[('Economics', 'Major')]","[{'from_type': 'Major', 'from_id': 'Economics', 'to_type': 'Degree', 'to_id': 'Bachelor of Arts', 'type': 'IS_UNDER'}]"
Bachelor of Arts,Geography,"[('Bachelor of Arts', 'Degree')]","[('Geography', 'Major')]","[{'from_type': 'Major', 'from_id': 'Geography', 'to_type': 'Degree', 'to_id': 'Bachelor of Arts', 'type': 'IS_UNDER'}]"
Bachelor of Arts,Political Science,"[('Bachelor of Arts', 'Degree')]","[('Political Science', 'Major')]","[{'from_type': 'Major', 'from_id': 'Political Science', 'to_type': 'Degree', 'to_id': 'Bachelor of Arts', 'type': 'IS_UNDER'}]"
Bachelor of Arts,Psychology,"[('Bachelor of Arts', 'Degree')]","[('Psychology', 'Major')]","[{'from_type': 'Major', 'from_id': 'Psychology', 'to_type': 'Degree', 'to_id': 'Bachelor of Arts', 'type': 'IS_UNDER'}]"
Bachelor of Arts,Social Work,"[('Bachelor of Arts', 'Degree')]","[('Social Work', 'Major')]","[{'from_type': 'Major', 'from_id': 'Social Work', 'to_type': 'Degree', 'to_id': 'Bachelor of Arts', 'type': 'IS_UNDER'}]"
Bachelor of Arts,Sociology,"[('Bachelor of Arts', 'Degree')]","[('Sociology', 'Major')]","[{'from_type': 'Major', 'from_id': 'Sociology', 'to_type': 'Degree', 'to_id': 'Bachelor of Arts', 'type': 'IS_UNDER'}]"
Bachelor of Arts,"Philosophy, Politics and Economics","[('Bachelor of Arts', 'Degree')]","[('Philosophy', 'Major'), ('Politics and Economics', 'Major')]","[{'from_type': 'Major', 'from_id': 'Philosophy', 'to_type': 'Degree', 'to_id': 'Bachelor of Arts', 'type': 'IS_UNDER'}, {'from_type': 'Major', 'from_id': 'Politics and Economics', 'to_type': 'Degree', 'to_id': 'Bachelor of Arts', 'type': 'IS_UNDER'}]"
Bachelor of Environmental Studies,Environmental Studies,"[('Bachelor of Environmental Studies', 'Degree')]","[('Environmental Studies', 'Major')]","[{'from_type': 'Major', 'from_id': 'Environmental Studies', 'to_type': 'Degree', 'to_id': 'Bachelor of Environmental Studies', 'type': 'IS_UNDER'}]"
Bachelor of Science,Data Science and Economics,"[('Bachelor of Science', 'Degree')]","[('Data Science and Economics', 'Major')]","[{'from_type': 'Major', 'from_id': 'Data Science and Economics', 'to_type': 'Degree', 'to_id': 'Bachelor of Science', 'type': 'IS_UNDER'}]"
Bachelor of Science,Chemistry,"[('Bachelor of Science', 'Degree')]","[('Chemistry', 'Major')]","[{'from_type': 'Major', 'from_id': 'Chemistry', 'to_type': 'Degree', 'to_id': 'Bachelor of Science', 'type': 'IS_UNDER'}]"
Bachelor of Science,Data Science and Analytics,"[('Bachelor of Science', 'Degree')]","[('Data Science and Analytics', 'Major')]","[{'from_type': 'Major', 'from_id': 'Data Science and Analytics', 'to_type': 'Degree', 'to_id': 'Bachelor of Science', 'type': 'IS_UNDER'}]"
Bachelor of Science,Food Science and Technology,"[('Bachelor of Science', 'Degree')]","[('Food Science and Technology', 'Major')]","[{'from_type': 'Major', 'from_id': 'Food Science and Technology', 'to_type': 'Degree', 'to_id': 'Bachelor of Science', 'type': 'IS_UNDER'}]"
Bachelor of Science,Life Sciences,"[('Bachelor of Science', 'Degree')]","[('Life Sciences', 'Major')]","[{'from_type': 'Major', 'from_id': 'Life Sciences', 'to_type': 'Degree', 'to_id': 'Bachelor of Science', 'type': 'IS_UNDER'}]"
Bachelor of Science,Mathematics,"[('Bachelor of Science', 'Degree')]","[('Mathematics', 'Major')]","[{'from_type': 'Major', 'from_id': 'Mathematics', 'to_type': 'Degree', 'to_id': 'Bachelor of Science', 'type': 'IS_UNDER'}]"
Bachelor of Science,Pharmaceutical Science,"[('Bachelor of Science', 'Degree')]","[('Pharmaceutical Science', 'Major')]","[{'from_type': 'Major', 'from_id': 'Pharmaceutical Science', 'to_type': 'Degree', 'to_id': 'Bachelor of Science', 'type': 'IS_UNDER'}]"
Bachelor of Science,Physics,"[('Bachelor of Science', 'Degree')]","[('Physics', 'Major')]","[{'from_type': 'Major', 'from_id': 'Physics', 'to_type': 'Degree', 'to_id': 'Bachelor of Science', 'type': 'IS_UNDER'}]"
Bachelor of Science,Quantitative Finance,"[('Bachelor of Science', 'Degree')]","[('Quantitative Finance', 'Major')]","[{'from_type': 'Major', 'from_id': 'Quantitative Finance', 'to_type': 'Degree', 'to_id': 'Bachelor of Science', 'type': 'IS_UNDER'}]"
Bachelor of Science,Statistics,"[('Bachelor of Science', 'Degree')]","[('Statistics', 'Major')]","[{'from_type': 'Major', 'from_id': 'Statistics', 'to_type': 'Degree', 'to_id': 'Bachelor of Science', 'type': 'IS_UNDER'}]"
Bachelor of Science,Nursing,"[('Bachelor of Science', 'Degree')]","[('Nursing', 'Major')]","[{'from_type': 'Major', 'from_id': 'Nursing', 'to_type': 'Degree', 'to_id': 'Bachelor of Science', 'type': 'IS_UNDER'}]"
Bachelor of Science,Nursing Practice,"[('Bachelor of Science', 'Degree')]","[('Nursing Practice', 'Major')]","[{'from_type': 'Major', 'from_id': 'Nursing Practice', 'to_type': 'Degree', 'to_id': 'Bachelor of Science', 'type': 'IS_UNDER'}]"
Bachelor of Pharmacy,Pharmacy,"[('Bachelor of Pharmacy', 'Degree')]","[('Pharmacy', 'Major')]","[{'from_type': 'Major', 'from_id': 'Pharmacy', 'to_type': 'Degree', 'to_id': 'Bachelor of Pharmacy', 'type': 'IS_UNDER'}]"
Bachelor of Law,Law,"[('Bachelor of Law', 'Degree')]","[('Law', 'Major')]","[{'from_type': 'Major', 'from_id': 'Law', 'to_type': 'Degree', 'to_id': 'Bachelor of Law', 'type': 'IS_UNDER'}]"
Bachelor of Medicine and Bachelor of Surgery,Medicine,"[('Bachelor of Medicine and Bachelor of Surgery', 'Degree')]","[('Medicine', 'Major')]","[{'from_type': 'Major', 'from_id': 'Medicine', 'to_type': 'Degree', 'to_id': 'Bachelor of Medicine and Bachelor of Surgery', 'type': 'IS_UNDER'}]"
